seed,steps,acceptance,sampling_seconds,energy_ess_per_second,equal_variance_pooled_mean_energy_ess_per_second,magnetization_ess_per_second,pairs_ess_per_second,G2_ess_per_second,energy,energy_sem,pairs,pairs_sem,screening_pass,failed_observable_checks,longest_retained_rejection_streak,importance_ess_fraction
11,32,0.21427154541015625,30.082238282077014,141.710998151969,131.45076972208852,125.45361022631579,355.81254149085197,121.71624412593748,-0.7500014029108284,0.001545969343273735,0.03021240234375,0.0021167919053719925,True,[],1029,0.0012611606709339142
11,64,0.27251434326171875,58.46311591845006,86.97736639885886,38.07779966143876,80.53596428414961,196.93440233973251,73.35491901739901,-0.7490969065745129,0.0028463782012853917,0.038421630859375,0.006750063733778906,False,"['pairs', 'magnetization', 'G_2']",2326,0.015244534066570654
11,128,0.3175506591796875,116.35235840268433,66.78227472258996,26.621966310910842,65.15688096713984,135.7046065063087,59.281893030475466,-0.7497652061694978,0.0017941816237485035,0.034576416015625,0.0019064852258960823,True,[],1230,0.04887005822554645
22,32,0.16498565673828125,30.196649030782282,72.54539986102853,10.740969220478497,62.80995142327408,293.38407668995137,92.22568698722269,-0.7381368556626009,0.011415126810620381,0.02616119384765625,0.003625357223204324,False,"['energy', 'magnetization', 'G_1', 'G_2']",12406,0.0007121523434770768
22,64,0.256256103515625,59.21035643853247,103.42917633687438,98.73876967738555,94.90491366351104,267.477569957431,92.33826468511063,-0.751480154238918,0.0015296422738355362,0.0284881591796875,0.0026900451935314667,True,[],540,0.059094561074951035
22,128,0.28975677490234375,118.35192238166928,67.59347657351223,57.62224204231038,71.27928681710166,115.41355504732866,62.943132045892504,-0.7503231469728165,0.0011718033148919915,0.03122711181640625,0.0021672679960383283,True,[],586,0.06291010706476066
33,32,0.22325897216796875,31.0393309276551,148.64055760358588,140.29115916757155,141.69013347961868,258.290091964114,146.04349602123176,-0.7496632410583843,0.0023048163905967133,0.03690338134765625,0.0039935396067375594,True,[],1510,0.031215827868229358
33,64,0.31604766845703125,61.40123054385185,147.04685537397933,133.863215535995,157.3628289372813,305.63819864154243,130.5776460431887,-0.7499403916548167,0.0011432380492896771,0.0303955078125,0.0016313355473168243,True,[],1339,0.06576171737560267
33,128,0.373779296875,122.15466719027609,115.58834885397796,112.55941196309855,117.4653033174492,184.69672161625496,104.55867305961817,-0.7492700478647399,0.001307664311034528,0.03179168701171875,0.001369418263007159,True,[],444,0.09652201331365406
