seed,updates,steps,acceptance,energy_ess_per_second,min_energy_chain_ess,pooled_mean_energy_ess_per_second,longest_rejections,screening_pass,energy,energy_sem,sampling_seconds,training_seconds,importance_ess_fraction,largest_normalized_importance_weight
11,5000,32,0.21427154541015625,141.710998151969,325.6512703071361,131.45076972208852,1029,True,-0.7500014029108284,0.001545969343273735,30.082238282077014,360.62479253392667,0.0012611606709339142,0.06736571509704087
11,5000,64,0.27251434326171875,86.97736639885886,54.982636083315334,38.07779966143876,2326,False,-0.7490969065745129,0.0028463782012853917,58.46311591845006,360.62479253392667,0.015244534066570654,0.014663930945665036
11,5000,128,0.3175506591796875,66.78227472258996,74.02938307510476,26.621966310910842,1230,True,-0.7497652061694978,0.0017941816237485035,116.35235840268433,360.62479253392667,0.04887005822554645,0.007039097120970121
11,10000,32,0.2335968017578125,208.66081499008763,320.30125431732307,176.5970911022009,821,True,-0.7495912732474912,0.0014749219938602093,29.89524951763451,716.6361520243809,0.016180026895186595,0.01691652153489633
11,10000,64,0.3539886474609375,221.59609858032158,1284.340164361676,215.65392565469494,274,True,-0.7505213754973986,0.0008439693291955431,59.14555244985968,716.6361520243809,0.14003947948192874,0.0016842848428146428
11,10000,128,0.4274139404296875,144.49557052641913,1399.9174040506596,138.51570827147285,422,True,-0.7498588971872571,0.0011748572251373468,117.96554649900645,716.6361520243809,0.20648682817267186,0.0011997217593520718
11,15000,32,0.254638671875,270.90772258865803,571.1204436598875,252.16553428680922,1878,True,-0.7488907259284654,0.0011152275130779387,29.989205565303564,1073.936521497555,0.0568555182587118,0.004992790998284585
11,15000,64,0.355499267578125,243.1376495625851,1282.6848374542308,234.21648484524096,171,True,-0.7501385202164481,0.0008367408620360681,59.00343965366483,1073.936521497555,0.17417845867241327,0.0012600012258110358
11,15000,128,0.41986083984375,156.21504231634736,1346.9942760780402,148.4870416166849,195,True,-0.7485595858313914,0.0008967546895031893,117.58106069080532,1073.936521497555,0.2395558381814939,0.0006154592396934236
22,5000,32,0.16498565673828125,72.54539986102853,7.683022528501205,10.740969220478497,12406,False,-0.7381368556626009,0.011415126810620381,30.196649030782282,358.18819851148874,0.0007121523434770768,0.09113907599031282
22,5000,64,0.256256103515625,103.42917633687438,579.777094529747,98.73876967738555,540,True,-0.751480154238918,0.0015296422738355362,59.21035643853247,358.18819851148874,0.059094561074951035,0.0026315900136951492
22,5000,128,0.28975677490234375,67.59347657351223,387.7230917719837,57.62224204231038,586,True,-0.7503231469728165,0.0011718033148919915,118.35192238166928,358.18819851148874,0.06291010706476066,0.0032150272378870604
22,10000,32,0.24002838134765625,178.84724817660086,122.24997296793237,115.64873544188067,1140,True,-0.749742157284342,0.002165699110422443,30.056621136143804,715.1628471538424,0.02273593849825255,0.013348236253407862
22,10000,64,0.31447601318359375,135.13085563110846,576.3783557546362,120.46601567193264,895,True,-0.7488358191265102,0.001163364275706403,58.9735858887434,715.1628471538424,0.04338977708837122,0.007820573856002173
22,10000,128,0.37250518798828125,103.03110671330266,577.3019291510113,89.70708197679318,437,True,-0.7496198353469041,0.0015974785764576614,117.30727637931705,715.1628471538424,0.11261873229274715,0.003085643089348137
22,15000,32,0.23919677734375,211.4268123861163,411.96897669499936,189.57556570219492,362,True,-0.7484926330158097,0.0015452946434619025,30.225163344293833,1072.0534915123135,0.06664920242349309,0.0027253010823653275
22,15000,64,0.33190155029296875,175.95770674951714,817.8572076468356,161.59323033366255,395,True,-0.7495397725654849,0.00116224605273357,59.5393731482327,1072.0534915123135,0.12490553995162047,0.001476463631528745
22,15000,128,0.4004058837890625,139.69956640811924,1605.1459097926809,135.92506060619047,178,True,-0.7509779907196267,0.0008303271648276905,118.03175354376435,1072.0534915123135,0.1765874737174718,0.0013194803102747521
33,5000,32,0.22325897216796875,148.64055760358588,351.5845244500047,140.29115916757155,1510,True,-0.7496632410583843,0.0023048163905967133,31.0393309276551,367.9489590888843,0.031215827868229358,0.0063088198722206735
33,5000,64,0.31604766845703125,147.04685537397933,703.4002135397625,133.863215535995,1339,True,-0.7499403916548167,0.0011432380492896771,61.40123054385185,367.9489590888843,0.06576171737560267,0.005132102455234344
33,5000,128,0.373779296875,115.58834885397796,1346.5976061432393,112.55941196309855,444,True,-0.7492700478647399,0.001307664311034528,122.15466719027609,367.9489590888843,0.09652201331365406,0.0038843701218310607
33,10000,32,0.2483367919921875,265.37056311131323,266.08008427512846,208.11866160039645,347,True,-0.7497950676169607,0.001267188548335982,30.17957118153572,725.4204328516498,0.08309047766903492,0.001662051075041457
33,10000,64,0.343109130859375,237.8331414190262,1319.7768045454131,229.86206436849102,263,True,-0.7501163098189856,0.0013158541022021666,59.555580352433026,725.4204328516498,0.16362055005960602,0.0013098041265750086
33,10000,128,0.4039764404296875,157.23212444263328,1502.6558722145394,148.68205186731097,260,True,-0.7482599011015871,0.0012808235797816554,118.28045303095132,725.4204328516498,0.22620796809854193,0.0007780146881421331
33,15000,32,0.22798919677734375,202.43213653107256,402.006947675354,177.82760772052774,692,True,-0.7508303998489049,0.0017105538702435114,30.261914644390345,1082.339401789941,0.03196431494428402,0.006347491311534631
33,15000,64,0.3224639892578125,145.76209827137927,297.3755245547651,102.87154551629698,762,True,-0.7512330387122699,0.0018402665040690351,59.218115631490946,1082.339401789941,0.08964506405943096,0.002889053883163037
33,15000,128,0.3818511962890625,114.69749039665204,811.9750595094079,104.8771420251195,701,True,-0.749925174789979,0.0012271891371499984,118.12884808238596,1082.339401789941,0.13054531849660084,0.0032558686251617066
